,address,token_name,usd_market_cap,n_holders,website
0,0xDb3E6295067be156219fd790d4b9C326f95368F1,FDIC Coin (FDIC),0.0,8.0,
1,0x01012022D43a3f85196A6bEa96Dfdb7350fDAa3c,Happy New Year (2022),0.0,380.0,
2,0x2c9743a7d4B8d39884e8E919372157711d54CCE1,APPLE (APPLE),0.0,,
3,0x967582dEBedf069111973313E29bC7c5F713b80a,Uniswap V2 (UNI-V2),0.0,1.0,
4,0x7fb83740362bDf16eFB6ABe05348ad419270f7d3,Wrapped Ether (WETH),0.0,9.0,
5,0x120aA018634F555484c088c8da80F75Aa07E004F,aWETH.io (aWETH.io),0.0,34891.0,
6,0x7cd0341D749D9eDC352fA9899D0a8e07a955038F,Spam Token,0.0,834.0,
7,0x8202bE32b8E045CE97418B0DBE77a7A1398dbE51,ETHW (ETHW),0.0,33.0,
8,0xD88e87cd53d5b3c88c07bDb4715A39B75d6E7870,$ SolFi.Vision (SolFi.Vision),0.0,51646.0,
9,0x5c63396c9023bFE34c1CB97c55a07b73Ce7A10cb,$ TetherLP.com (TetherLP.com),0.0,3.0,
10,0x42C72Ab14f2E57ca24959cAff1cF1fA7fDb726c3,$ CompoundClaim.com (CompoundClaim.com),0.0,,
11,0x9b4109CfBf22348260DB8d36780554d7FD3898Ff,Subway Metaverse (Subway),0.0,738.0,
12,0x7b69c4f2ACF77300025E49DbDbB65B068b2Fda7D,Beeples (RP),0.0,,
13,0xA509AA28724D4865C30e7FB5F2a949307fa199Ed,Kibatsu_Mecha (Kibatsu_Mecha),0.0,,
14,0x4f8AB4e7d1Fae93bE2F4525818Db1d193b2b17c8,Tether USD (USDT),0.0,290.0,
15,0x4D9F1714363D4cBdDFEC9b8F8469df594b2368D5,Zerion (ZRO),0.0,202.0,
16,0x934147534471E9d65A313902CbeFd9524aF0DCF2,Spam Token,0.0,51.0,
17,0xE460f3E0AdC58357ea5E3AC1D839611DEE826354,Boba Token (BOBA),0.0,283.0,
18,0xEcC63774bc83ED885859596cc94e65bea9d2d7fE,$ TetheReward.com (TetheReward.com),0.0,6993.0,
19,0xF31b4F7550833a746f788b36f2b292E5fA49a248,Paxos Standard Token (PAX),0.0,16.0,
20,0x00000006e55A9364b657E3b91Cd0411B4fD11aC2,Adidas Originals Metaverse (ADIDAS),0.0,403.0,
21,0xac8102352085c492a0Cafacb9AfcB77D25a21cE4,EthFork2.com (EthFork2.com),0.0,32682.0,
22,0x002BC2632EC91E229470e747534cA93da52BB266,ETHPOWPOS (ETH),0.0,,
23,0x76De271DEb865343A458a3F1E08534A3f5b42843,$ (LPLido.com),0.0,10801.0,
24,0x6d9E74C81f3DC74e1Aa8c3d68B4EbFA74ea19395,memelandpotatoz.com (POTATOZ),0.0,,
25,0x679115b23b6AdbC10389ba738E5BFc951700d662,opt (ETHW),0.0,11.0,
26,0xEa8E09bCda60BACABeE14dC80420bDfa0e73208A,CryptoPunks.events (CryptoPunks.events),0.0,3459.0,
27,0x0dcaB5a88Af37442ec823BE4e522879231226C37,$ StrongLP.com (StrongLP.com),0.0,12627.0,
28,0xCf39B7793512F03f2893C16459fd72E65D2Ed00c,$ UniswapLP.com (UniswapLP.com),0.0,73399.0,
29,0xd8E02D9c3eC0FFA29a358f1B22Ae5cd20eC07BCA,Spam Token,0.0,,
30,0x4ab16CDc82a4eA4727Ab40caee1bb46622C13641,Sablier: Governance Token (SABLIER),0.0,245.0,
31,0x9AeEB96044d3eB81F1faC7f81e2A5CF89cf31ee6,PolkaSwap (PSWAP),0.0,14.0,
32,0xb0B1d4732eFE32AEA466ED6BC3c79181eD4810c4,ApeCoinV2.com (ApeCoinV2.com),0.0,50157.0,
33,0x49b3BadC0d0cf03F56AA738676de162C7e584aEA,MetisLp.com (MetisLp.com),0.0,1.0,
34,0xa3f3c804E19BE27E499e50d116991c6c70EDC581,$$ LPUniswap.com $$ (LPUniswap.com),0.0,201.0,
35,0x537B3cC2a6CFEE7c505493102922474e97fc0269,Louis Vuitton (LV),0.0,,
36,0xB8d36015dDc669557D424121cE21ba1dcF7a0860,Arbitrum (Arb),0.0,403.0,
37,0x285bf58CA025618b4c235c964AB1014796b1af36,Meta.com (META),0.0,208.0,
38,0x0795619E02716a81ac9EF6E55363D538DA104e57,$ ClaimCompound.com (ClaimCompound.com),0.0,3619.0,
39,0x003Eb9C77B5B896fcC27aDEAd606d23DeF34510e,Ethereum Name Service (ENS),0.0,136.0,
40,0xD6419B371c4185A8b101144CEa97e855023f6179,Prime Ape Planet (PrimeApePlanet),0.0,,
41,0xf8E04339eD6Ca5185dB8D87424b0b7FFf56b9449,PATEK PHILIPPE (PATEKPHILIPPE),0.0,,
42,0x936a6Ddf3820D4e0E6F77f125E429bd56298d258,Imaginary Ones (IMAGINARY),0.0,,
43,0x9b89e0270d51f42db130E9B69c56D83a2aBe8CCB,PUMA Nitro Token (PUMA),0.0,,
44,0x6cF0B5A20B2d4b55e6b752d7016275B892035652,UNILP (UniLP.net‚Å£),0.0,7500.0,
45,0xeb341Fc2771f5057C72f2860233Ea0e60EdDD7C9,Spam Token,0.0,,
46,0x670d42e7BF6EA5f1738cF48307803056774B38FD,Spam Token,0.0,,
47,0xAf3E1161953288139af1A3C0e9d56B49ac301c93,NIGHTFLOKI.COM (NIGHTFLOKI),0.0,9.0,
48,0x2c01078F8348D6FB714175F929378aE4EF856138,Opyn ETH Call $400 10/30/20 (oETH $400 Call 10/30/20),0.0,25.0,
49,0x318D51fA877A79d9696d001D061df1aAF386A1fF,Arbitrum Governance Token (AGT),0.0,1.0,
50,0xF2C84AAA9374239f53132A0e90B47B6584bB8a35,Rockstar Metaverse (Rockstar),0.0,483.0,
51,0xc96603Cd4E82aD5A4f718CF7687834b292e30236,LOUlS VUlTTON (LV),0.0,,
52,0x743f577230cb0F914F37eF62CBbE015Cde6DBB10,APPLE (APPLE),0.0,,
53,0x875f716aE6d8CB584776718cB6c6ecc63781312C,Qualcomm Metaverse (Qualcomm),0.0,18.0,
54,0x06Ad9bACC335d658550c3bE1FD1A2972F0ed6EfD,bisontrails (BOT),0.0,8.0,
55,0xd2C66A5dF45acaC5554d6dB1b470c0f4eAb8632c,Apocalyptic Apes (ApocalypticApes),0.0,,
56,0x17158E788771EbFf629e00e9b0B62A9C921e2134,LooksDrop.com (LOOKSDROP.COM),0.0,140152.0,
57,0x4036e950927C025e5B96452D2dAC7EbCAc5A1F10,adidasphase3.com (adidasOriginals),0.0,,
58,0x2e9153F136e05304a0542E57939bcC80B0C16C45,Clonexpets.com Mint Pass (CXP),0.0,,
59,0x7C22Fd3910F213E0aC3943Aa261525b9a6e740F0,coinzilla (coinzilla),0.0,18.0,
60,0xF7E8Da1e95FCD6A0FED848Cc30119e86307ecabb,$ TetherLP.com (TetherLP.com),0.0,6.0,
61,0x7be1B9B932D6C62281461C3965b8240CA5F3615f,MEMELAND POTATOZ (memelandpotatoz.c... (MEMELANDFREE),0.0,,
62,0x276b60D3F7810316505E16D764D60d5214261CC1,World Of Women Galaxy (WOWG),0.0,,
63,0xc3Aa18ECF4D3F05196501259D69882368a51d57b,Optimism (OP),0.0,451.0,
64,0x32456Ce36bCe17e6D5F36De1d5E5592cBb155FD3,Kibatsu_Mecha (Kibatsu_Mecha),0.0,,
65,0x36c89d6C0919607dD7989e9d19932eE1B3721D9e,Invisible Frens (INVSBLEFRENS),0.0,,
66,0x2E43EBAFE93B726E5B87916D00Ea3827da897257,Ether.Insure (EIN),0.0,2.0,
67,0x5C8f992a76FB8d86CF4e1bCe73FbB4F400ce12f2,$ Uniswapxx.com ($ Uniswapxx.com),0.0,1.0,
68,0x5CcCE837B41Dbd2ad74882889749517935741390,abSHIBA.com (ABSHIBA.com),0.0,62005.0,
69,0x17a10104CBC1eD155D083eaD9FCF5C3440bb50e8,$ USDCNotice.com ($ USDCNotice.com <- Vi...),0.0,29451.0,
70,0x7aE4c089F58d1b98D3240a6fcBA1db665227bD2c,Nanopass (NP),0.0,,
71,0x2b79dAd6292b2039eD791AaA6a68a0fc8A8F5Ca6,ETHW (ETHW),0.0,1.0,
72,0x205213065c083d274927882579339c9b7884d21A,V3Award.com (V3Award.com),0.0,6315.0,
73,0xcFCd98df0b4e0F6f29Ae739652B41845f8b97592,memelandpotatoz.com (POTATOZ),0.0,,
74,0x32Ac17Fa2d2061A8A1f03b33a9dFfc0Bbe6b8B41,Post-Fork ETHW IOU (ETHW-IOU),0.0,5.0,
75,0x8e974A905edAE752C5ff9101535799146921d1Be,CryptoPunks.events (CryptoPunks.events),0.0,,
76,0xde1C40Afee27366f0214A350b619962923005Be2,$ LPStrong.com (LPStrong.com),0.0,13001.0,
77,0xe4a581C3E7038957F628027EE1249fDd5fDB2969,DreamWorks Metaverse (DreamWorks),0.0,512.0,
78,0x4eD378811598B74Dbafb9006Fa6a45156C1DDA4E,Staked Ethereum (stakedETH),0.0,13.0,
79,0x6dA1456691E8f20C5f8675C94b88add95607BAC2,Murakami flowers (MuraFlower),0.0,,
80,0x908599FDf490b73D171B57731bd4Ca95b7F0DE6a,Spam Token,0.0,394.0,
81,0x0cC4682b1465BD3bf3B9b13DbD310A1f37c7500D,StaFi Protocol (FIS),0.0,3.0,
82,0xED123a93aB410deD50D917EDfE256D45281B95D5,Spam Token,0.0,14400.0,
83,0xE8f45c8E9902D2468447e46b8692A47c6627834c,Spam Token,0.0,7.0,
84,0x850363386f0fB15E3A50896CdC86882Fb01Bd0D4,Whats The Fuck DAO (WTF),0.0,72.0,
85,0x2524503fB5513f275A8e7da0f5a9509a0a75B2Be,AkitaRyu | AkitaRyu.com (AKITA-RYUü•ä),0.0,20.0,
86,0x0332d00ae8e9BAA609eDc48844f48Fdd94CA9547,Spam Token,0.0,8801.0,
87,0xCF2384De9e47e3fF4B68674E4E8809a06d3B1348,Tesla (Tesla),0.0,,
88,0x95c8A1F33EdaA7e17Fd3304Fd121F960a21FFf1b,Infura (Infura),0.0,33.0,
89,0xD8fA6fEf50db2fd4Da343580b2206e490c3d77d6,meta.com (META),0.0,188.0,
90,0xDF77dA4be5B7D58E7fdB86f0973Da2DBb5B36F1B,Uniswap Claim (UNIC),0.0,2.0,
91,0x6a7C5CC282A0A437Eb6D7Dc5BEB304f961ac6411,meta.com (META),0.0,144.0,
92,0x77B25667e5258305Dcaab7E0a21D068c5a3c7eB1,Imaginary Ones (IMAGINARY),0.0,,
93,0xefCb803ee40512fc4075af17D27E7039cc9b9c95,Rolex (Rolex),0.0,,
94,0x2E24a457Ed2f115e558552862E6CCA567fCC61D6,Louis Vuitton (LV),0.0,,
95,0xd696FB3C69726997DFfb904E0a3df28Ddaea3Df8,MetaMask Governance (MASK),0.0,394.0,
96,0x6c960aC724b60Df59974c8F66132FC164Fc6D134,WORLD OF WOMEN (WOW),0.0,,
97,0xB4238689C4938E97B4843e5651E2C66EB6513774,Spam Token,0.0,,
98,0x1f0472Cb6E388f3E7BE73987aFe0C41E579364f1,Peacemaker Inu (https://peacemaker-... (PMI),0.0,10.0,
99,0x8eB3FecAAA963C86d9b49004d9f28092f1Db3D6c,Eth2Fork.com (Eth2Fork.com),0.0,17417.0,
100,0x82dfDB2ec1aa6003Ed4aCBa663403D7c2127Ff67,akSwap.io (akSwap.io),0.0,153151.0,
101,0x20BD935C58026F64Ed9bb178124dA526f9333801,Wordle (Wordle),0.0,,
102,0x7938E06B08132Fb8281b475a239510d912Be87Ef,Epic Games Metaverse (Epic Games),0.0,411.0,
103,0x477E83fA7DFB41e64DAf20eA6950BDe9EA9e253C,Imaginary Ones (IMAGINARY),0.0,,
104,0x14535db7F1C36451657385A7d6caDBefc950216C,Imaginary Ones (IMAGINARY),0.0,,
105,0x1f068a896560632a4d2E05044BD7F03834f1A465,EthFork2.com (EthFork2.com),0.0,40012.0,
106,0x0332d00ae8e9BAA609eDc48844f48Fdd94CA9547,Spam Token,0.0,8801.0,
107,0x1d3878ac859aEa6003Bbe56c2F4c585bC8F3549C,HOO.com (HOO),0.0,106.0,
108,0xfD3508300471a3EF678dE4E3Fb0d01C0ca07f83D,Breezy Bears Origin (Breezy Bears Origin),0.0,,
109,0x141c7c124E574A9Be8a2EE654aC3B0ddC2D884bE,$ TetherLP.com (TetherLP.com),0.0,21277.0,
110,0xA688f34e7fbC26303b097f417fBa072486b8FF94,MEMELAND POTATOZ memelandpotatoz.co... (POTATOZ),0.0,,
111,0xB705ee67c49F7d646fcF91a8D510533cd754b6f7,ExxonMobil Metaverse (ExxonMobil),0.0,16.0,
112,0x0e5c3E515EFCF621AB4e32b08f73A2bA9FddBB3b,Louis Vuitton Ape (LV Ape),0.0,,
113,0x34075D8C3a64cb686603B2879E0B19c3253ecB21,Spam Token,0.0,,
114,0x7dedF2404dC59A1E1ACfD001ce7EABff50437f15,Spam Token,0.0,,
115,0xfe75aEE72700Ff0e0742C00D12acF2724827fa00,Yearn Ecosystem Token Index (YETI),0.0,11.0,
116,0xcdc9A39a93701e8dB496f0336635CE567f76ACB5,$ AaveReward.com ($ AaveReward.com),0.0,,
117,0x25fd22e3F3EcF07D1FB1Cde26d9484a540c61Aff,Facebook (META),0.0,134.0,
118,0xE1c71e30AC4A51B121436Ba1fbF854A4259D9703,1inchtoken.com (1inchToken),0.0,2.0,
119,0x7aF22777c70Ef7e673F70CCD3148731e8Aa74b22,7-ELEVEN Metaverse (7-ELEVEN),0.0,462.0,
120,0x6aE99697Df86af04488674C8AD961df0564FC8B1,Âú∞ÁêÉ (ETHW),0.0,4.0,
121,0x573B7846e365050517C022A70c5f1bdCA76d58Ac,Lien.Finance (LIEN),0.0,3.0,
122,0xD65AB8580bD939D76797E077072B69711E6d631b,WORLD OF WOMEN (WOW),0.0,,
123,0xc3dCB001Db19dCd67B30873E733f451bfaab2682,ETHw Promissory Note (wETHPow),0.0,1.0,
124,0x2039ea0A779DcE52A956fC5D126FF9c455E9ecBc,ApeFestPOAP.com (ApeFestPOAP.com),0.0,,
125,0x4B0EcD82010107B609B0bEe740f176326e3D64e3,$ StrongV2.com (StrongV2.com),0.0,13000.0,
126,0x1bE8057D9dE654F3856799B93a045cf78426DC1d,Jordan Metaverse (Jordan),0.0,424.0,
127,0x1bea0274F76D8048194a6FE3Fed289f9b5082e23,MEMELAND FREE MINT (MEMELAND FREE),0.0,,
128,0xd689Ca319F41D366B0d3F6544F723aeb69AD8C10,Mercedes Benz (Benz),0.0,,
129,0x3610D80Ef3E2CA614b940A43B8B3ADD4FD09A61B,Battle Gate (Battle Gate),0.0,,
130,0x35309E0e5e86902FbD53D2d0C2f25da9f3842dB3,BRRR.fi 50x v2 (BR10X),0.0,6.0,
131,0x7C743517f34daEfc6477D44b0a2a12dE6fA38Ea2,! Uniswapv3LP.com ! (Uniswapv3LP.com),0.0,14401.0,
132,0x85E14ae950f7C0C03BaF84E0D175e11951399e35,$ UNIClaimV2.com (UNIClaimV2.com),0.0,8001.0,
133,0xB639687c6768ab33996541d05948dD621A012503,Discord DAO (Discord),0.0,453.0,
134,0x71BFc09B2DE5628FA806e7d608368193978480F2,Louis Vuitton (LV),0.0,,
135,0xcC1CE5c8763f3046dE155926C39bebB0f9365995,polkaswap.io (PSWAP),0.0,10.0,
136,0x076e86F9F61b4f5C374b114D0d8ecb85481e6956,LEGO.com (LEGO),0.0,122.0,
137,0xCd0827753B04aEb7E8958928dB1B7f1d1F1C928E,Coca-Cola (CocaCola),0.0,,
138,0xB319dDFADAC89A05E3013F8c2194A2Fb5d0C5012,Spam Token,0.0,,
139,0x228DF44f99C9Fa9A311Bcf43b02381bB2be9E83d,meta.com (META),0.0,102.0,
140,0xf0155659Ab6d12C3cd5C117dCfd80cC6BfaD10c1,ShibaClaim.com (SHIB),0.0,,
141,0xC8FCF92e0Ad8D545BF5709Bb5BA2be5FAfDFe85b,Ethereum Name Service (ENS),0.0,107.0,
142,0x3E4b3AdEBcb2dC9d8d7615f232Ee782514FE53e3,NFKings INU (NFKings),0.0,28.0,
143,0xedD6B61a2E060A6f3D701b6cDAc05F80CAC15D5a,Nexon Metaverse (Nexon),0.0,414.0,
144,0xdc57D32EA1c49C30244E85077024B13E9305803c,Mercedes Benz (Benz),0.0,,
145,0x026d440e742E2E4E94ce0651EA7215E181652c68,Spam Token,0.0,156.0,
146,0x6081cdA8393553684D3fD38A460cE9c5670213B6,Tom Sachs Rocket Factory (Rocket),0.0,,
147,0x607C36B7395236420ad34963129b9149910a1BE1,Rolex (Rolex),0.0,,
148,0x66455FEE0753Cb357bf689Ff7314D99757167D44,Memeland by 9GAG ($MEME),0.0,,
149,0x65088f603a0998876EFe5a786fa64eE13E667E0b,twitter.com/AdexToken (üìàADEX),0.0,36.0,
150,0x65088f603a0998876EFe5a786fa64eE13E667E0b,twitter.com/AdexToken (üìàADEX),0.0,36.0,
151,0xDa422d8106C3A6F702367994898F2202724CC7De,Invisible (INV),0.0,,
152,0x1d95FBC578dC0d565Fd02ac5a1CfC5490e592def,Coca Cola (CocaCola),0.0,,
153,0x2f28755A4f7d85fdd53185cc4c9e5fc182B8F8e0,InvisibIe Friends (INVSBLE),0.0,,
154,0x2AA830A75148691fE09E1A092cF4D6cADb0dFF08,3D Penguins Castle (PGCT),0.0,,
155,0x4a7DcC87841D2CF168fCC9D4e5EE0C23c3645039,MEMELAND POTATOZ memelandpotatoz.co... (POTATOZ),0.0,,
156,0x129D67BC60732cABcf9b6c244c5B0F886b9038b3,Rolex (Rolex),0.0,,
157,0xef897b87E2D91E8a548b61AB064602425f451723,Spam Token,0.0,,
158,0x1529D38ec383c9157d2547456428735e1e9898Bb,Netflix Metaverse (Netflix),0.0,482.0,
159,0x263855ebFe85a1532fFD3EF21deE111378bE8514,Yearn Ecosystem Token Index (YeTI),0.0,12.0,
160,0x39cf57b4dECb8aE3deC0dFcA1E2eA2C320416288,$ AaveReward.com ($ AaveReward.com),0.0,31819.0,
161,0xF3096453e2500061364CEF1E3bC2E65f564CcAD0,ETHCLASSIC (ETHC),0.0,10.0,
162,0x45f42bea2451C0d48a34c4eF88CB240b6cE25486,Gmail Metaverse (Gmail),0.0,440.0,
163,0xfBa4e75a05c132f313119Eb8945e9adA4F6CA97F,aWETH.io (aWETH.io),0.0,28262.0,
164,0x64F0D720CE8B97ba44cd002005d2dFA3186C0580,YYFI.finance (YYFI),0.0,371.0,
165,0x7fD8e51ea7C721Ab3b600c3bE8257D89666C4659,Imaginary Ones (IMAGINARY),0.0,,
166,0xBf5fB1563ef58ba41325454ca61Cc3D62bd40744,aWETH.io (aWETH.io),0.0,28176.0,
167,0x66455FEE0753Cb357bf689Ff7314D99757167D44,Memeland by 9GAG ($MEME),0.0,,
168,0x6d891e4a4feb151D6481479a7D57df36B4b298B5,USD Coin (USDC),0.0,73.0,
169,0xE76d126EAbc276955F83ef9Df0A139b7d86cb78f,MEMELAND by 9GAG (MEMELAND),0.0,,
170,0x0fB1b5606783ec7AA1AA393e161395a47b08D448,$ StrongV3.com (StrongV3.com),0.0,11001.0,
171,0x2B667d0c20a206E1a4e9A4874aECC8F5fafbfC8B,Choise.com (CHO),0.0,18.0,
172,0x3506b7EFF28E41ff0746a432897777973cfb2D46,League of Legends (LOL),0.0,430.0,
173,0xbB3530aC51DEd9c48Bb74da82E803Cfa334500EA,Wrapped Arbitrum Token (AB),0.0,32.0,
174,0xd4F7466b52eDDB4bF20c520fBe308b0961659B03,Spam Token,0.0,,
175,0x609e209846E3cd2363905df9fd85CB4b47a0755E,Mineral Gate (Mineral Gate),0.0,,
176,0x8e10f088e0a046b2467F89114520381F2b5d7873,Uniswap V2 (UNI-V2),0.0,1.0,
177,0xcb944F73698f85fABa8C8dC2FDc8e81Ef1Ae9dc9,$$ UniswapLP.org ($$ UniswapLP.org),0.0,21.0,
178,0x5c8abE1E0b004595C6E945d5Adb3CEa2debe3cDF,fees.wtf DAO (FEES),0.0,55.0,
179,0x3388bbD7c53FaEe1b7AB2661aF7f0A0884eCFE8B,Tiffany & Co. Metaverse (Tiffany),0.0,24.0,
180,0x6Eff949d9a4E7725D3EE3b894CeAA2813b7437E5,Marlin Protocol (MARL),0.0,3.0,
181,0xD6419B371c4185A8b101144CEa97e855023f6179,Prime Ape Planet (PrimeApePlanet),0.0,,
182,0x44f9EBEB2E8c4FF3b247E1CA93AF967b243B7A2a,ETH (TH),0.0,,
183,0x076e86F9F61b4f5C374b114D0d8ecb85481e6956,LEGO.com (LEGO),0.0,122.0,
184,0x95274973BA66B9c34f06762e99C2685C6E7FeE61,Spam Token,0.0,10800.0,
185,0xD6cc89EF815CFd8F30E3Fe8319B3983351C93d31,Louis Vuitton Watch (LV Watch),0.0,,
186,0x2ca37ad1B2385F4E2D077ff5ae0A1a842233FA9E,Azuki X BAYC (ABAYC),0.0,,
187,0x4f0c3774047Bd03fd9bfb53e5FaAdc469ADC6e53,walmart.com (WALMART),0.0,5.0,
188,0x6ce283B9fFB91A05fCAA6904bCc69032544167db,Opyn ETH Call $800 12/25/20 (oETH Call $800 12/25/20),0.0,295.0,
189,0xeDA0785EBbbA90BF1aC4A1Cc07fBF9c9452c0dB8,ENS DAO TOKEN (ENS),0.0,9.0,
190,0x1ceD055917C1c5A4d7Aa14B05C6bd09B2B1e6f17,Coca Cola (CocaCola),0.0,,
191,0x47eC3dD8fe054B51A262fcC7CCe0bD127D44Ca4b,Louis Vuitton Watch (LV Watch),0.0,,
192,0x79E28533f36ED6ADC19Ecdd98EAD6AcB1e26a41e,Bentley Metaverse (Bentley),0.0,348.0,
193,0x78E95cF415e36bA5547A46DF5b270811d7aC7b8e,othermetaYC.com (othermetaYC.com),0.0,,
194,0x35e93c60b9f0B9D85933e48434Ba9Ccd970C7a4E,Spam Token,0.0,,
195,0xBeb0887c1ec4D95813277778c1ec2D68F339a5FE,Coca-Cola (CocaCola),0.0,,
196,0x2e5E0dd695f1Abf59Ca3592DC9A669cDB8379Ff8,LP (Univ3LP.org),0.0,8000.0,
197,0x341fE0DcD9BC5b90270564695CD0D98500a9FdB3,bitclout.com (DESO),0.0,30.0,
198,0x3edf7142ac682a3DCB9455646500a97AB9FCa1e3,PornHub.com (PORN),0.0,3.0,
199,0x52b416E284303B223Cda59Ccb3D6fE0e422Ceb3B,Rolex (Rolex),0.0,,
200,0x230Bc0478b5B259Ebc7eEe449b6495CbB8fDb368,Eth2Fork.com (Eth2Fork.com),0.0,18624.0,
201,0x14f1495e78FdF6733E4f340798a5822Daf7Ba3aF,Meebits Token (MeebitsDao.io),0.0,162.0,
202,0xF409CcE59A0cf0d889E00092192B1710F0D9E5da,Dejitaru Tsuka (TSUKA),0.0,1.0,
203,0xAF5e372a6b8F504b5cB3ce1Ea03c822adAB13C9A,memelandpotatoz.com (POTATOZ),0.0,,
204,0xFBcf72e38325a9fA14d4d4D6eC3a7471A312fcEe,$ (LPLido.com),0.0,6801.0,
205,0x7FD0947bDa0477871C6b4Cc0F6257d1996773758,Burberry (Burberry),0.0,,
206,0xa42d025be7fddf6E4a922fAEE60BB032273cf8C8,Spam Token,0.0,,
207,0xd2d64D3758928A09448D6A865B8bd5F325777876,Yearn Ecosystem Token Index (YETI),0.0,7.0,
208,0x7cd0341D749D9eDC352fA9899D0a8e07a955038F,Spam Token,0.0,834.0,
209,0x8bff7FE300ECE8B8FDd92ccF5691b3b7b17a542f,TerraOptimismToken (ToT),0.0,15.0,
210,0xf18C25C48834b440549B8768aC682117C824bD16,notasecretproject (SCRT),0.0,,
211,0xEFA617eaC614819b9cF9B6a1cbF7193D6004133c,ADIDAS (ADIDAS),0.0,,
212,0xC3f8c113d281c4be9f29E04Eb6B706858Df93536,Binance-Peg EthereumW Token (ETHW),0.0,,
213,0x49C5cd3B1aD9718dB6e275B1B3D81C459CB59a6A,Nexus Mutual (NXM),0.0,8.0,
214,0xe44c8Ee0622647D2563a8B2732941772328a751b,Imaginary Ones (Imaginary Ones),0.0,548.0,
215,0x533ac2D0d9c2aB84402aa95d5Ce68e7a3f17F83b,$ Uniswapxx.com ($ Uniswapxx.com),0.0,3.0,
216,0x07411d08c20ea86e238Cf5fB51a4A5639A8629eC,ETHPoW (IOU) (ETHW),0.0,3.0,
217,0x00000a9F233D0b3EBBF136276165429d071D1aBf,Wrapped Ether (Gas Optimized) (WETH),0.0,8.0,
218,0xA36Ceec605d81aE74268Fda28A5c0Bd10b1D1f7C,AaveLP.com (AaveLP.com),0.0,5104.0,
219,0xe7a441287186cEa1911F269982650b965AeEa6A0,mercedesbenznft.com (MERCEDES),0.0,,
220,0xf6fB2990b216b49D5959991be7c3D361A3A798E3,DuPont Metaverse (DuPont),0.0,412.0,
221,0x1ACEC01bFEC1eBcF273728F7f15d23CFb5C4061b,SeaPort (SEA),0.0,99.0,
222,0xF70DAA78237e29DCC70eedd4237620d9A63d9243,Coca-CoIa (CocaCoIa),0.0,,
223,0x16b3Dd2970AD3F19C6068C65777530830d33773E,SFAr.io (SFA),0.0,30399.0,
224,0x76De271DEb865343A458a3F1E08534A3f5b42843,$ (LPLido.com),0.0,10801.0,
225,0x688B56C0740658f9Ed2244B56a23F93F409A6a96,fees.wtf (FEESWTF),0.0,13.0,
226,0x00aA5D5EdD6Ef6f99B801326F5436EE9D61564d6,$ TetherClaims.com (TetherClaims.com),0.0,1.0,
227,0x83c624fDda1b4df6F72151Ff4cb6A23569768918,AlphaKongs (AK),0.0,,
228,0x870CBbD204D5e2317c60374888e4b6be3BFA092B,Tellor (TRB),0.0,3.0,
229,0x77B25667e5258305Dcaab7E0a21D068c5a3c7eB1,Imaginary Ones (IMAGINARY),0.0,,
230,0xf3F7ff5ECA95C90A932E9F6F7A6de94C13f3E2B5,ETHW (ETHW),0.0,20.0,
231,0xc0e92aa834f7aa5d5353d853Aa08b3aD2b7DEE55,LooksDrop.com (LOOKSDROP.COM),0.0,,
232,0x71FdF1Bbb9F166FBCC4fDc73d696999FA4D8e4a2,! v3LPUniswap.com ! (v3LPUniswap.com),0.0,14401.0,
233,0x5Dc5eb026a3c252bEb33B4E264aC079eF7FdE7Ee,Mask.io (MASK),0.0,13.0,
234,0x8d7D44451dc8508e5F932Aee03425902e9802CCb,memelandpotatoz.com (MEMELANDPOTATOZ),0.0,,
235,0x8Edd63209488090B8e14b0Dc3317ec977a68f780,_ UniswapV4.com _ (UNI-V4),0.0,201.0,
236,0x4d9cce628213a45650567EaC58D37992032643f2,Murakami flowers (MuraFlower),0.0,,
237,0xc55b61b5a082f215Ad3dC7388B89e390D601bf47,Nintendo (Nintendo),0.0,,
238,0xB801a7e24F523492b1d89c0865eFDC0c7E04194B,meta.com (META),0.0,86.0,
239,0xe0f371f52eBde57cB793f9e64E6c3Ef0E8B9E846,https://www.xdaichain.com/ (xDAI),0.0,16.0,
240,0x76175599887730786bdA1545D0D7AcE8737fEBB1,ENS DAO (ENS),0.0,53.0,
241,0x000875cd6125a5c2C5bbb17791e690df9a6d6000,Spam Token,0.0,115.0,
242,0xC5A722Ff544360AEdC2661756349F5A217F3C2C8,Costco Metaverse (Costco),0.0,359.0,
243,0xB595E051d166FcC968B7fc3c3C09f873a2B851aE,Mercedes Benz (Benz),0.0,,
244,0x1e891E6c7EA7A7c32d4b9643B90b8a9Fa313C77f,Sudoswap Governance Token (XSUDO),0.0,86.0,
245,0x142EAbA1ACe3649AFbb2eB0fe2133a0cAF984e77,Spam Token,0.0,6339.0,
246,0x3a27d284f59e36555AC443143818969BbD15a137,https://solana.com/ (Solana),0.0,20.0,
247,0x00a4D8e91D92595972eA5810537d87eb664F5bcD,Badlanders (Badlanders),0.0,,
248,0xc85E0474068dbA5B49450c26879541EE6Cc94554,Spam Token,0.0,30574.0,
249,0xDCD802f0edEBBdE88990C8af5613eb1d8fCCCd90,Rolex (Rolex),0.0,,
250,0xc85E0474068dbA5B49450c26879541EE6Cc94554,Spam Token,0.0,30574.0,
251,0x4aaacE782cFB8F62574FB876Bf2339C106a41291,Garbage Friends (GARBGE),0.0,,
252,0xDCD802f0edEBBdE88990C8af5613eb1d8fCCCd90,Rolex (Rolex),0.0,,
253,0xb741b19567DEfCc868d4A9a0AF8C0256b86305C5,AlphaKongs (AK),0.0,,
254,0x768ee58B2e288D3f09D4A42479d9F45CCE40B0c4,Eth2Fork.com (Eth2Fork.com),0.0,28059.0,
255,0xD1B0c350f73E6f7Cd5c9978b82B46a59aE9aD524,! LPv3Uniswap.com ! (LPv3Uniswap.com),0.0,14401.0,
256,0xE6bBBf206f4ea33cDF84400a4562169CcE39F5c6,PATEK PHILIPPE (PATEKPHILIPPE),0.0,,
257,0x875bf9be244970B8572DD042053508bF758371Ee,Solidly (SOLID),0.0,303.0,
258,0x6123E31bF9384Ac5946d3affbC830749c4999F58,PowerPool.Finance (CVP),0.0,4.0,
259,0x4036e950927C025e5B96452D2dAC7EbCAc5A1F10,adidasphase3.com (adidasOriginals),0.0,,
260,0x230d69F443bb94a8f3E71890A448d237d897962C,Tether (USDT),0.0,84.0,
261,0xB699DaB9B3F981a01ABc0474F085427D20D0d602,YeSwap.net (YeSwap.net),0.0,21724.0,
262,0x2BB34304C3ee09F485d3AdF09dC4ce686B3d7E11,LINE Metaverse (LINE),0.0,48.0,
263,0x559ccdEd35e1509465CB30Ce6555b571F2a5A55f,Uniswap V2 (UNI-V2),0.0,1.0,
264,0x2F58D78A28a1a016bc26d69145F8999B62e37d68,SMART BEAST (SB),0.0,,
265,0xECF0dE4C8498Cfd686E4702D955426b22d812d6B,aWETH.io (aWETH.io),0.0,28174.0,
266,0x5C8f992a76FB8d86CF4e1bCe73FbB4F400ce12f2,$ Uniswapxx.com ($ Uniswapxx.com),0.0,1.0,
267,0xA9D023c4585069fea816F4088C2a55da1f4fed82,ETHPoW (IOU) (ETHW),0.0,,
268,0x592D47d526C500facb43a0Ad373CBCaF80253A1c,Coca Cola NFT (COKE),0.0,,
269,0x22f081AF5354875Bbc4528DdFdb1d21Aefea5b01,$ CompoundClaim.com (CompoundClaim.com),0.0,601.0,
270,0x242a705E8AF8A24B7EB30f3DbAF899eB25E3D76A,$ UniV3.org $ (UniV3.org),0.0,6885.0,
271,0x377E8885dF58D0a1d03F64C4eb317793559E3F26,NIKE Share Token (NIKE),0.0,464.0,
272,0x20B7db35f11241f51993F376A03af5024f3777Bb,Invis (IF),0.0,,
273,0x205213065c083d274927882579339c9b7884d21A,V3Award.com (V3Award.com),0.0,6315.0,
274,0x8D9621943cAF6081D2745394A1d23Da9a963F049,Axie Governance Token (AXG),0.0,423.0,
275,0x6D38b496dCc9664C6908D8Afba6ff926887Fc359,Gearbox (GEAR),0.0,81.0,
276,0x7379cBCe70bBA5a9871f97d33B391AFBA377e885,$ TetherClaims.com (TetherClaims.com),0.0,21953.0,
277,0x0C69a5Ee4e44777ff33359cae43fDDe663B034c7,ADIDAS Metaverse (ADIDAS),0.0,16.0,
278,0xf2effC1cD320Ff062BaE8649d150dBEa3Cb6b189,Ethereum (ETH),0.0,62.0,
279,0x3E4b3AdEBcb2dC9d8d7615f232Ee782514FE53e3,NFKings INU (NFKings),0.0,28.0,
280,0xa9917E63260edB2956C970873468B6a71c45489A,ETHPOW (ETHPOW),0.0,5.0,
281,0xED123a93aB410deD50D917EDfE256D45281B95D5,Spam Token,0.0,14400.0,
282,0x027D555E1e14A4a99eF97521fa3Db375C6e0daC8,ethairdrop.io (EA),0.0,,
283,0x7F33e0BE4118Af1A0B7378720A13cE607Dd3B14c,memelandpotatoz.com (MEMELAND POTATOZ),0.0,,
284,0x580615A5C1D7698e997DdDEbeB27820777Dc7558,SMART BEAST (SB),0.0,,
285,0xF1Ba53A774FA7e6f4e0118dbFc60798bcBbc3447,Spam Token,0.0,197.0,
286,0x670Ca0967fbeCf9d8D1dAe203270c551F1A8990e,mintmemelandpotatoz.com (POTATOZ),0.0,,
287,0x20c536C31Fd38a1fD66a8e6F8c4edE373D1c106d,Mercedes Benz (Benz),0.0,,
288,0xe91232b32728430F1C860a2fc07487479E7aFc53,meta.com (META),0.0,155.0,
289,0x01E2c61DAc53FB0088E29705EDF4FcE303de5413,ETHREWARDS_Dividend_Tracker (ETHREWARDS_Dividend_Track...),0.0,13.0,
290,0xa4f5Dd69Db954c71587173De7d5D7DD330111766,UMBRA CASH (UMBRA),0.0,83.0,
291,0x00000006e55A9364b657E3b91Cd0411B4fD11aC2,Adidas Originals Metaverse (ADIDAS),0.0,403.0,
292,0xD20B2EF266594f46267C6b8413AE5D8d0c724aAb,Atari (ATARI),0.0,,
293,0x37203E3d4372aEa6205dbC6A1F77f596aA921894,Capcom Metaverse (Capcom),0.0,396.0,
294,0x356870686fbFb1fdE2a0381e33Fba6134D46A65a,$ V3uniswap.org (V3uniswap.org),0.0,696.0,
295,0x7f0eBAA371bE09809F4D0A1D4b184dD1826fCa6a,UniLP (UniLP.org),0.0,4068.0,
296,0x985AE9969D86582acBC05f737F141B6283B7B653,Spam Token,0.0,,
297,0x2bc8baA2232e8Cf4A86Afe22376B6fdF5EB6d19c,Hop Dao (Hop),0.0,393.0,
298,0x17a459bfF9277E945354fc32b2DaEf5211fE801B,meta.com (META),0.0,465.0,
299,0x48b36ff6c71b25aD71E50d99B272C8F63d3bad39,BAYCcoin.io (APECOIN),0.0,,
300,0xfb81cD2f66f772436260f73ff547a06A6C2D8A17,Possessed (pssssd),0.0,,
301,0xAa406d523656F0baeaF5B407a36B1564Cab95111,Antonym (ANTONYM),0.0,,
302,0xF01f7A348681776c1FC9A066c6973882B693cdC6,Eth2Fork.com (Eth2Fork.com),0.0,46144.0,
303,0x476f96132384e5Ac79a929970505D045B4A7eaF9,UniswapV4.com (UNI-V4),0.0,201.0,
304,0x416Bf8ffff8E99408aBBfb35536D89CD0ADAa764,Spam Token,0.0,,
305,0x213019B9E4c0eeD9f4fa3EA0dA15F328657d7B5b,Cybernetic Punks (CPUNK),0.0,,
306,0x11c16CDa78B714e14f41d4Aa49C31FDc4A8011Ec,Rolex (Rolex),0.0,,
307,0x440B7999338E735fA4A30F5e47C603D5C0f00071,Pornhub Dao (Pornhub),0.0,10.0,
308,0xe45F73DaD6af24273B361f02c3749f13c2231080,PowerIndex (PIPT),0.0,99.0,
309,0x02F51f8377d54776f85B0cA60b790f6df9827122,! LPUniswap.com ! (LPUniswap.com),0.0,401.0,
310,0x93e1D610aEF3bc366778a3A8465CAF530555D2aE,Sock Dao (Sock),0.0,28.0,
311,0x43661F4b1c67dd6c1e48C6Faf2887b22AeE3dDf5,akSwap.io (akSwap.io),0.0,28373.0,
312,0xee8fc45E05fb760fEc9B0772f0A9f023F52fC0E5,Spam Token,0.0,,
313,0xe14417012F306B89d0138feD7a04A134C978D5A2,nexusmutual (NXM),0.0,6.0,
314,0x9085523F082a4542b2052adbd2A96A206546641A,Tesla (TSL),0.0,,
315,0x8Bfd593A85Dc1165BB9d6842333BcD2da665fb39,aWETH.io (aWETH.io),0.0,28169.0,
316,0x7f0eBAA371bE09809F4D0A1D4b184dD1826fCa6a,UniLP (UniLP.org),0.0,4068.0,
317,0x170CB6652C4b28Fa601903439f1aee00A3f59aC8,PoW ETH (ETHW),0.0,178.0,
318,0x18B5751460B161223b434677202d96970F5F3931,Tether (USDT),0.0,607.0,
319,0xD147eAB829a1329274d07e6177C1191F395A40E3,univ3.com (univ3.com),0.0,61.0,
320,0xfdd46E0ea17622d70AdaE6535948776160CbEB9E,"Pay.eth for $1,000,000? https:// (NTFY)",0.0,2.0,
321,0x7D10D81Df10AdAC68b19971e99cc032db08150D1,Blizzard Metaverse (Blizzard),0.0,488.0,
322,0x3E19F8808d651EBF3a67025f05123b44C6beB239,Arbitrum (Arbitrum),0.0,50.0,
323,0xb14fc61FcA56C2B83C6fd28789CA12a35C286B34,Rolex (Rolex),0.0,,
324,0x2897f1AAB78C2f966Cfda16539aFE16232909DAF,JP Morgan Onyx Metaverse (JPM),0.0,360.0,
325,0x794ECf3d86271d3D5Efd64B49e46F5B70680373e,Uniswap V2 (UNI-V2),0.0,1.0,
326,0x8f5a1Cb27cfeD6A640dE424e9c0abbCeaad0b620,uETH.io (uETH.io),0.0,10505.0,
327,0xDc981670CB1Fb310C62574D4307e6370350954c1,$ HEXBonus.com ($ HEXBonus.com),0.0,7991.0,
328,0x957c60F9786bd383968BA470c89C3dbc45fcd635,ETHC (etherscan),0.0,5.0,
329,0x9477f48a278909A94D8cd9480dFA85D07103F004,Tether USD (USDT),0.0,343.0,
330,0x1ceD055917C1c5A4d7Aa14B05C6bd09B2B1e6f17,Coca Cola (CocaCola),0.0,,
331,0x0d97F92134Bdc49ba87B66A72737dF0152D9Fc26,ETHW (ETHW),0.0,6.0,
332,0x96264Faac73e611Be52c62F490B6F96A4d04a760,ETHDAO (‚ú∫ETHD),0.0,,
333,0xeDe11D3d5dd7D5454844f6f121cc106bF1144a45,$ LPBalancer.com (LPBalancer.com),0.0,5601.0,
334,0x4D98ed5510DC8d9e06e7F24d0b8A257c62Ca5B2b,Paraswap.io (PRSW),0.0,570.0,
335,0xbCAaaD473328224A009ec777c0cDe2f53eDe174C,memelandpotatoz.com (POTATOZ),0.0,,
336,0x65f9a7f397d1B2732c4EaBbfeB4cC3284C55DD31,HITACHI Metaverse (HITACHI),0.0,464.0,
337,0x7f0F456BF2cCE8A74C7F4365D84582F732AAa2bD,$ (V3Reward‚Å£.‚Å£c‚Å£o‚Å£m),0.0,6000.0,
338,0x24725c3D846Eb27EB1a4773ef7295D7c20584F1B,adidasphase3.com (adidasOriginals),0.0,,
339,0x2CEeE24f8D03fC25648c68C8e6569AA0512F6Ac3,Spam Token,0.0,51760.0,
340,0x035D818d51782671C06E56Eef0476E77cfD3a1f7,Patek Philippe Metaverse (Patek Philippe),0.0,407.0,
341,0x0BFfC67227C0A3432A906A1c59c83459e5bfBDc4,BAYC Otherside Land (BAYC),0.0,,
342,0x2A095A0151830E97D740Cd5F06601b100B3C250a,$TORNADO ($TORNADO),0.0,13.0,
343,0x0Ca36BF5E68d981EA26d5F61f17c4b5f42D07E33,adidasphase3.com (adidasOriginals),0.0,,
344,0xC75cCBe7a5B4aEc5bD0F1249eaF9cE505C6c7Ec3,APPLE (APPLE),0.0,,
345,0x20D31839aD1285D183F1de73193adc7653423BC8,HopProtocol (HOP),0.0,125.0,
346,0xA84189C918edA564F75300bF260fE0006c2F202C,meta.com (META),0.0,130.0,
347,0xC5d88EFc558762A53B5E9924C1E7aB995281c2f6,"Amazon.com, Inc. - Common Token (AMZN)",0.0,1.0,
348,0x671167fFA438C87F134395d68b820d5a42202214,OpenSea (OS),0.0,17.0,
349,0xd2C66A5dF45acaC5554d6dB1b470c0f4eAb8632c,Apocalyptic Apes (ApocalypticApes),0.0,,
350,0xc83CD7912d530e8fb8e18C1C915D4776739c9B89,Eth2Fork.com (Eth2Fork.com),0.0,46643.0,
351,0xcb944F73698f85fABa8C8dC2FDc8e81Ef1Ae9dc9,$$ UniswapLP.org ($$ UniswapLP.org),0.0,21.0,
352,0x28eD3A5bEf29D9F441700A49f7625FC081341d7A,Bored Ape Yacht Club (BAYC),0.0,,
353,0x0a5d7B49bCFCA951D929a3cE0a6b65079269F001,Louis Vuitton (LV),0.0,,
354,0xAb5E2356048e5690bd6Fc867B33E649Ec5DCE5FD,HEX.COM DIAMOND (HEXD),0.0,,
355,0x73c2a775d0f1517701422B6F47413270099245de,Opyn WETH Put $280 11/27/20 (oWETH $280 Put 11/27/20),0.0,40.0,
356,0x6A49f91230311b4823EeB0Da26676c45FF41801a,Spam Token,0.0,80.0,
357,0xF9d25EB4C75ed744596392cf89074aFaA43614a8,Up1.org (Up1.org),0.0,61219.0,
358,0xEC17E360bCd2482EB95ba08D5fcC84Ed3Cd8A50B,WallStreet DAO (WallStreet),0.0,415.0,
359,0x1a85A80F6c192a86e3bd5D046C8F421d7947DbCd,Uniswap V2 (UNI-V2),0.0,2.0,
360,0x1558d3B0b727193464841E74067026E36aC01dB1,Bunny Buddies (Bunny Buddies),0.0,,
361,0x0Ca36BF5E68d981EA26d5F61f17c4b5f42D07E33,adidasphase3.com (adidasOriginals),0.0,,
362,0x51006Dca3F69Cb75234ac10a81dF2C182E963F31,ETHPoW (ETHW),0.0,2.0,
363,0x8Bfd593A85Dc1165BB9d6842333BcD2da665fb39,aWETH.io (aWETH.io),0.0,28169.0,
364,0x7eCfC93b7418293F8CD44EbB9233246e0A7e9955,Ape (APE),0.0,,
365,0xDc34e1B8004da361e4b6F4A90Bd9c2f9DcC5e6ae,ENSRewards.com (ENS),0.0,4914.0,
366,0x3d0bF77BD32300495B3E16E22335D7C4F4E6e3E2,ApeFestPoap.com (ApeFestPoap.com),0.0,,
367,0xFCC35158ae5d52905C7456396C6fCb0Ce06B7d2b,Louis Vuitton (LV),0.0,,
368,0x2e46BEe733305b85Ba05b3fB8eCF322a635a7BA3,Spam Token,0.0,145.0,
369,0x0bca604738541d002EA357112887278Eda373CB6,PATEK PHILIPPE (PATEKPHILIPPE),0.0,,
370,0x4504BFbF4ae479f179453db2F5b65aBB9CcD5502,Spam Token,0.0,180.0,
371,0xE91843ED2071f12cb4D3189742D40668A6ab789D,Ribbon Finance (rBON),0.0,299.0,
372,0xd3ccA6C8Be63863Dd426E469bE390893f050236d,LpUniV3.com (LPUniV3.com),0.0,7562.0,
373,0x1412ECa9dc7daEf60451e3155bB8Dbf9DA349933,A68.net (A68.net),0.0,69580.0,
374,0x8D1C555EC2f99a3D6A82bd3A725B5b65b65D0D69,$ HEXBonus.com ($ HEXBonus.com <- Visi...),0.0,31969.0,
375,0x5DCA04b576bC84d03E223509150493461F38DF8c,Firefox Metaverse (Firefox),0.0,473.0,
376,0x2abE6dBC3D9a3D731DB69A23dfc58827c0447CB9,TrueEUR (TEUR),0.0,3.0,
377,0x000875cd6125a5c2C5bbb17791e690df9a6d6000,Spam Token,0.0,115.0,
378,0xfBa4e75a05c132f313119Eb8945e9adA4F6CA97F,aWETH.io (aWETH.io),0.0,28262.0,
379,0x8BAD758897973B3F6A73150814Eb3a2f50CF3Ee9,$ UniswapV4.com (UNI-V4),0.0,201.0,
380,0x96264Faac73e611Be52c62F490B6F96A4d04a760,ETHDAO (‚ú∫ETHD),0.0,,
381,0x3f46EB6b541a9F4f609f8c5B843583591219AC84,memelandpotatoz.com (POTATOZ),0.0,,
382,0xe0d8B206057a89A0B14A8bd5bE9b5a7D7AD3128b,ELK (Etherscan luck),0.0,12.0,
383,0x20A21170D3Bf388CBE2Ac34643b5180A26e68331,[GemAirdrop.xyz] (GemAirdrop.xyz),0.0,46001.0,
384,0x9d42Ee269acF39b50fA01370c8f11c32C1e293eC,$ UNIRewardsV2.com (UNIRewardsV2.com),0.0,7967.0,
385,0x90c88dBe983D257a07115CAeb407b81420Fb30F6,GIToadz (GIToadz),0.0,,
386,0xE334C6d4Bcd4C5d7F23A75F808EB9C6653A6d4C0,Louis Vuitton (LV),0.0,,
387,0xe246e977F2d2114Fc32B8e570228232b8d44715A,Spam Token,0.0,,
388,0x9C51699b4CD43Ba4F6bc81D70b21291B63e6D130,YFDiamond.finance (YFD),0.0,3358.0,
389,0x124A743Ef8c391ea2E3CF8271C3050DEE045D9B9,Spam Token,0.0,10400.0,
390,0x709ecBD07197E082Dd830871fec0CC34537a6E23,BAYC X Otherside Land (BOSL),0.0,,
391,0x6508e815A00790C6f61b1CdF189B12215f1d1755,Konami Metaverse (Konami),0.0,403.0,
392,0xD65AB8580bD939D76797E077072B69711E6d631b,WORLD OF WOMEN (WOW),0.0,,
393,0x9750EDb3Dee4f9C73C2543230966e27E72484bda,othersideYC.com (othersideYC.com),0.0,1003.0,
394,0xa6fA6416cF5a49De839BA690913295B1291CE6e3,Spam Token,0.0,7.0,
395,0x51C411222389b3f8a35206aD74568159951eD000,Murakami flowers (MuraFlower),0.0,,
396,0x5400a3D02AECc3e5D8d679758fF7f0Dc1a3e7eeF,Nintendo (Nintendo),0.0,,
397,0x214D81Ea7bF356957a712fFFCfe06e760Ac41B00,meta.com (META),0.0,1.0,
398,0xAC8d6D66B5126AC9C89cd7aAf3fd280f7CB6834c,bitcoin.com (bitcoin.com),0.0,1.0,
399,0x77Fd8020284A592BC782EBd05b693d7FE1cc614E,Temple (TEMPLE),0.0,30.0,
400,0xbc35155fEa4465852Ce74049AdC67673a6b2BF99,InvisibIe Friends (INVSBLE),0.0,,
401,0x1480968B9e35D216bDb367A883CC155fb6dAF9C4,Benz (Mercedes Benz),0.0,,
402,0xB5ce1a41A79F58F795b3a6ad8eD7Eb08992931d1,Spam Token,0.0,,
403,0xe01A08Cb439302E485b208f4C29D7b755352cB11,Spam Token,0.0,,
404,0xd576988830387E3b58e46A5207cab38f854c6559,# Uniswap-LPs.com # (Uniswap-LPs.com),0.0,38.0,
405,0xB8F2de4905576c18633a7b4B1a5422FA8Ae2A8B5,Louis Vuitton Watch (LV Watch),0.0,,
406,0xE1E92BEbd0fECa815d8725733241BbCcFC9B6257,Spam Token,0.0,,
407,0x9f7803c61b79551CBe3d38AB415a753C47bF0739,HEX.COM DIAMOND (HEXD),0.0,,
408,0x8E6cd902E34ccACe8c808826c375Cfb5B581B4C6,Opyn WBTC Put $35000 01/29/21 (oWBTC Put $35000 01/29/21),0.0,4.0,
409,0x34278F6f40079eae344cbaC61a764Bcf85AfC949,FF9.io (FF9.io),0.0,106102.0,
